{"recall@20":0.16225165128707886,"_step":498,"bpr_loss":0.11642493043907386,"recall@5":0.05298013240098953,"_runtime":3600.866314,"ndcg@5":0.0341891348361969,"ndcg@20":0.06483858823776245,"ncdg":0.06483858823776245,"_timestamp":1.7639033016542919e+09,"ndcg@10":0.04859112948179245,"hr@5":0.052980132450331126,"recall@10":0.09768211841583252,"precision@20":0.008112582378089428,"hr@20":0.16225165562913907,"_wandb":{"runtime":3600},"precision@5":0.010596026666462421,"hr@10":0.09768211920529801,"precision@10":0.009768212214112282}