{"precision@10":0.009122516959905624,"precision@20":0.007789734750986099,"_runtime":21689.870232,"ndcg@5":0.034612055867910385,"_wandb":{"runtime":21689},"recall@5":0.05513244867324829,"hr@20":0.15579470198675496,"precision@5":0.011026489548385143,"_timestamp":1.763957573190968e+09,"bpr_loss":0.11706881084069302,"ndcg@20":0.0623043030500412,"ncdg":0.0623043030500412,"recall@10":0.09122516214847565,"recall@20":0.15579469501972198,"_step":498,"hr@5":0.05513245033112583,"ndcg@10":0.0461372435092926,"hr@10":0.0912251655629139}