{"_wandb":{"runtime":4102},"precision@20":0.008584437891840935,"_runtime":4102.277574,"ndcg@10":0.053266026079654694,"recall@5":0.062251657247543335,"_step":298,"ncdg":0.0699508860707283,"recall@20":0.1716887354850769,"hr@5":0.06225165562913907,"bpr_loss":0.07770661586596642,"ndcg@20":0.0699508860707283,"precision@10":0.01049668900668621,"hr@20":0.1716887417218543,"ndcg@5":0.039650436490774155,"hr@10":0.10496688741721855,"recall@10":0.10496688634157181,"precision@5":0.012450330890715122,"_timestamp":1.764053708857342e+09}