{"bpr_loss":0.1053314942391321,"_runtime":2943.388364,"hr@10":0.10016556291390728,"_step":498,"ncdg":0.06545895338058472,"recall@20":0.16258278489112854,"precision@10":0.010016555897891521,"_timestamp":1.763909836919828e+09,"precision@20":0.008129139430820942,"ndcg@10":0.0497981496155262,"recall@5":0.05612582713365555,"hr@20":0.16258278145695365,"ndcg@20":0.06545895338058472,"ndcg@5":0.035644058138132095,"_wandb":{"runtime":2943},"precision@5":0.01122516579926014,"hr@5":0.05612582781456953,"recall@10":0.10016556084156036}