{
  "best_epoch": 190,
  "baseline_ndcg": 0.45135305200649684,
  "final_ndcg": 0.45633230142524567,
  "ndcg_improvement_pct": 1.1031828402651822,
  "baseline_recall": 0.36697397328339176,
  "final_recall": 0.3694081020945688,
  "n_snapshots": 42
}