{
  "user_eigenvals": {
    "values": [
      1.0,
      0.42323407530784607,
      0.25026100873947144,
      0.21824800968170166,
      0.17498181760311127,
      0.1539161503314972,
      0.13378693163394928,
      0.1290658563375473,
      0.12553299963474274,
      0.11826565116643906,
      0.11270079761743546,
      0.10668391734361649,
      0.09894981235265732,
      0.0944054052233696,
      0.09318894892930984,
      0.09053364396095276,
      0.08774691820144653,
      0.0874500572681427,
      0.08462020009756088,
      0.08260157704353333,
      0.08126302063465118,
      0.08017632365226746,
      0.0796785056591034,
      0.07721111923456192,
      0.07627300918102264
    ],
    "min": 0.07627300918102264,
    "max": 1.0,
    "mean": 0.1624310314655304,
    "std": 0.1863933801651001,
    "n": 25
  },
  "item_eigenvals": {
    "values": [
      1.0,
      0.42323407530784607,
      0.25026100873947144,
      0.21824800968170166,
      0.17498181760311127,
      0.1539161503314972,
      0.13378693163394928,
      0.1290658563375473,
      0.12553299963474274,
      0.11826565116643906,
      0.11270079761743546,
      0.10668391734361649,
      0.09894981235265732,
      0.0944054052233696,
      0.09318894892930984,
      0.09053364396095276,
      0.08774691820144653,
      0.0874500572681427,
      0.08462020009756088,
      0.08260157704353333,
      0.08126302063465118,
      0.08017632365226746,
      0.0796785056591034,
      0.07721111923456192,
      0.07627300918102264,
      0.07410714030265808,
      0.07374802231788635,
      0.07173087447881699,
      0.06947410851716995,
      0.06901342421770096,
      0.06781098991632462,
      0.06581565737724304,
      0.06493707746267319,
      0.06459680944681168,
      0.0635162889957428,
      0.06280478090047836,
      0.061748821288347244,
      0.06122397258877754,
      0.060508113354444504,
      0.05976410210132599,
      0.059310659766197205,
      0.05833100900053978,
      0.05786296725273132,
      0.05745568126440048,
      0.05700477585196495,
      0.0562298409640789,
      0.05556170642375946,
      0.05526072531938553,
      0.054927460849285126,
      0.05392225459218025,
      0.05382218211889267,
      0.053551457822322845,
      0.0526638962328434,
      0.05223139002919197,
      0.051883161067962646,
      0.05115969479084015,
      0.05076976120471954,
      0.05070299282670021,
      0.050295643508434296,
      0.049700088798999786,
      0.049429576843976974,
      0.048896871507167816,
      0.048593491315841675,
      0.04846266284584999,
      0.04821936786174774,
      0.047944992780685425,
      0.04749973118305206,
      0.04716508835554123,
      0.04692874103784561,
      0.04664358124136925,
      0.046178560703992844,
      0.04587540403008461,
      0.04535781219601631,
      0.045088574290275574,
      0.04471137002110481,
      0.04416314512491226,
      0.04413876309990883,
      0.04406895115971565,
      0.04359300807118416,
      0.043280936777591705,
      0.04294051229953766,
      0.04274369031190872,
      0.04250370338559151,
      0.042315877974033356,
      0.04217033088207245,
      0.042030710726976395,
      0.04199223965406418,
      0.041757311671972275,
      0.04147867485880852,
      0.04114479571580887,
      0.04104775935411453,
      0.04076778143644333,
      0.04060732573270798,
      0.0404372401535511,
      0.040416162461042404,
      0.03993683308362961,
      0.03960021957755089,
      0.03940461203455925,
      0.0392950102686882,
      0.038949694484472275,
      0.03887052461504936,
      0.0388219878077507,
      0.038688525557518005,
      0.03856814280152321,
      0.03833318129181862,
      0.038139648735523224,
      0.037997595965862274,
      0.03774961829185486,
      0.0376301035284996,
      0.03752588480710983,
      0.03725830838084221,
      0.03705807030200958,
      0.03687511384487152,
      0.0367097370326519,
      0.036564841866493225,
      0.03651327267289162,
      0.036272160708904266,
      0.0360565148293972,
      0.0359782911837101,
      0.035854242742061615,
      0.035794325172901154,
      0.03564811125397682,
      0.03554559499025345,
      0.03525164723396301,
      0.03497729450464249,
      0.03488864377140999,
      0.034790508449077606,
      0.03458336368203163,
      0.03444764390587807,
      0.034267812967300415
    ],
    "min": 0.034267812967300415,
    "max": 1.0,
    "mean": 0.0690743550658226,
    "std": 0.09402881562709808,
    "n": 130
  }
}