{
  "best_epoch": 60,
  "baseline_ndcg": 0.45860040985397077,
  "final_ndcg": 0.4589961327033511,
  "ndcg_improvement_pct": 0.08628924895779377,
  "baseline_recall": 0.37235702286749056,
  "final_recall": 0.372664636954635,
  "n_snapshots": 24
}