{
  "ndcg": 0.1555158375012502,
  "recall": 0.1896129455241239,
  "split": "test"
}