{
  "ndcg": 0.15503205485579746,
  "recall": 0.18432508926835736,
  "split": "val"
}