{
  "ndcg": 0.15059537129659573,
  "recall": 0.18433402624732978,
  "split": "test"
}