{
  "best_epoch": 285,
  "baseline_ndcg": 0.15059537129659573,
  "final_ndcg": 0.15320394812531238,
  "ndcg_improvement_pct": 1.7321759668025294,
  "baseline_recall": 0.18433402624732978,
  "final_recall": 0.186904455374318,
  "n_snapshots": 62
}