{
  "ndcg": 0.3200533979799441,
  "recall": 0.26264148212552735,
  "split": "val"
}