{
  "best_epoch": 500,
  "baseline_ndcg": 0.45135305200649684,
  "final_ndcg": 0.45566320793739834,
  "ndcg_improvement_pct": 0.9549411290652898,
  "baseline_recall": 0.36697397328339176,
  "final_recall": 0.3701484332748137,
  "n_snapshots": 102
}