{
  "ndcg": 0.15559868244115854,
  "recall": 0.184482860859103,
  "split": "val"
}