{
  "best_epoch": 300,
  "baseline_ndcg": 0.1496494158842942,
  "final_ndcg": 0.15325607855101833,
  "ndcg_improvement_pct": 2.4100746704636133,
  "baseline_recall": 0.18454659974887522,
  "final_recall": 0.18768148457437878,
  "n_snapshots": 62
}