{
  "best_epoch": 5,
  "baseline_ndcg": 0.46201639908739095,
  "final_ndcg": 0.4643378323809667,
  "ndcg_improvement_pct": 0.5024569037292315,
  "baseline_recall": 0.37430592531952556,
  "final_recall": 0.37830659819501206,
  "n_snapshots": 13
}