{
  "ndcg": 0.33192621851063553,
  "recall": 0.27340833514670015,
  "split": "val"
}