{
  "best_epoch": 1,
  "baseline_ndcg": 0.45860040985397077,
  "final_ndcg": 0.4585635872261143,
  "ndcg_improvement_pct": -0.008029349094607063,
  "baseline_recall": 0.37235702286749056,
  "final_recall": 0.3723216746879218,
  "n_snapshots": 52
}