{"hr@10":0.10264900662251655,"ndcg@20":0.06331300735473633,"_timestamp":1.763968080759375e+09,"ndcg@5":0.035681165754795074,"precision@10":0.010264900512993336,"ndcg@10":0.05015133321285248,"_runtime":5584.515213,"recall@20":0.15496689081192017,"precision@20":0.007748344913125038,"ncdg":0.06331300735473633,"_wandb":{"runtime":5584},"recall@10":0.10264900326728821,"recall@5":0.05745033174753189,"bpr_loss":0.09845148836389,"precision@5":0.011490066535770893,"hr@20":0.15496688741721854,"_step":498,"hr@5":0.057450331125827814}