{"_runtime":2915.605892,"ndcg@10":0.048934996128082275,"_wandb":{"runtime":2915},"hr@10":0.09983443708609271,"hr@20":0.16208609271523178,"recall@20":0.1620860993862152,"_timestamp":1.763980127455735e+09,"_step":298,"precision@5":0.011556291952729225,"ndcg@20":0.06450161337852478,"recall@10":0.09983443468809128,"recall@5":0.05778145790100098,"precision@20":0.008104304783046246,"ncdg":0.06450161337852478,"ndcg@5":0.035485103726387024,"precision@10":0.009983444586396217,"hr@5":0.05778145695364238,"bpr_loss":0.10143262546494174}