{
  "ndcg": 0.1496494158842942,
  "recall": 0.18454659974887522,
  "split": "test"
}