{
  "best_epoch": 300,
  "baseline_ndcg": 0.1496494158842942,
  "final_ndcg": 0.15325895621787072,
  "ndcg_improvement_pct": 2.4119976093774698,
  "baseline_recall": 0.18454659974887522,
  "final_recall": 0.18768275320549532,
  "n_snapshots": 62
}