{
  "ndcg": 0.33661212760510967,
  "recall": 0.28149868897380553,
  "split": "val"
}