{
  "best_epoch": 400,
  "baseline_ndcg": 0.45860040985397077,
  "final_ndcg": 0.4582886933153308,
  "ndcg_improvement_pct": -0.06797127345333775,
  "baseline_recall": 0.37235702286749056,
  "final_recall": 0.37187730621553056,
  "n_snapshots": 102
}