{
  "best_epoch": 920,
  "baseline_ndcg": 0.45135305200649684,
  "final_ndcg": 0.457663543988632,
  "ndcg_improvement_pct": 1.3981276860944636,
  "baseline_recall": 0.36697397328339176,
  "final_recall": 0.3705434828573071,
  "n_snapshots": 202
}