{
  "ndcg": 0.45860040985397077,
  "recall": 0.37235702286749056,
  "split": "test"
}