{
  "ndcg": 0.45135305200649684,
  "recall": 0.36697397328339176,
  "split": "test"
}