{"_runtime":1939.157909,"ndcg@5":0.034623149782419205,"ncdg":0.06427283585071564,"_timestamp":1.764023110660783e+09,"recall@5":0.05629139021039009,"hr@5":0.056291390728476824,"bpr_loss":0.09216482115625844,"precision@5":0.011258278042078018,"ndcg@20":0.06427283585071564,"precision@10":0.009668874554336071,"ndcg@10":0.04759794473648071,"_step":298,"hr@10":0.09668874172185431,"hr@20":0.1632450331125828,"recall@10":0.09668873995542526,"recall@20":0.1632450371980667,"precision@20":0.00816225167363882,"_wandb":{"runtime":1939}}