{
  "best_epoch": 200,
  "baseline_ndcg": 0.45135305200649684,
  "final_ndcg": 0.45542738531124544,
  "ndcg_improvement_pct": 0.9026931991787945,
  "baseline_recall": 0.36697397328339176,
  "final_recall": 0.3683300113049344,
  "n_snapshots": 42
}