{
  "best_epoch": 500,
  "baseline_ndcg": 0.45135305200649684,
  "final_ndcg": 0.45544489125095045,
  "ndcg_improvement_pct": 0.9065717460562839,
  "baseline_recall": 0.36697397328339176,
  "final_recall": 0.3682097069011996,
  "n_snapshots": 102
}