{
  "best_epoch": 500,
  "baseline_ndcg": 0.45135305200649684,
  "final_ndcg": 0.4571012955363364,
  "ndcg_improvement_pct": 1.2735581390854955,
  "baseline_recall": 0.36697397328339176,
  "final_recall": 0.36977805412402914,
  "n_snapshots": 102
}