{
  "best_epoch": 200,
  "baseline_ndcg": 0.45135305200649684,
  "final_ndcg": 0.45592665818810213,
  "ndcg_improvement_pct": 1.0133101263574584,
  "baseline_recall": 0.36697397328339176,
  "final_recall": 0.3693389785114912,
  "n_snapshots": 42
}