{"ndcg@5":0.03405149653553963,"hr@5":0.05480132450331126,"ncdg":0.06206836178898811,"ndcg@10":0.04682611674070358,"_runtime":1178.327797,"_step":298,"hr@20":0.1554635761589404,"recall@5":0.054801326245069504,"_timestamp":1.764029945601045e+09,"hr@10":0.09470198675496688,"recall@20":0.1554635763168335,"_wandb":{"runtime":1178},"ndcg@20":0.06206836178898811,"recall@10":0.09470198303461075,"precision@5":0.010960264131426811,"bpr_loss":0.08459925919832516,"precision@20":0.007773179095238447,"precision@10":0.009470198303461075}