{
  "user_eigenvals": {
    "values": [
      1.0,
      0.42534294724464417,
      0.2557026743888855,
      0.22883377969264984,
      0.20412641763687134,
      0.17480137944221497,
      0.15199878811836243,
      0.14944390952587128,
      0.13966313004493713,
      0.13601964712142944,
      0.13528156280517578,
      0.13332921266555786,
      0.12587398290634155,
      0.12202798575162888,
      0.12042247503995895,
      0.11237340420484543,
      0.11033857613801956,
      0.10665107518434525,
      0.10548766702413559,
      0.10204967111349106,
      0.09901999682188034,
      0.09795030206441879,
      0.09576769173145294,
      0.09422449767589569,
      0.0933629646897316
    ],
    "min": 0.0933629646897316,
    "max": 1.0,
    "mean": 0.18080376088619232,
    "std": 0.18135946989059448,
    "n": 25
  },
  "item_eigenvals": {
    "values": [
      1.0,
      0.42534294724464417,
      0.2557026743888855,
      0.22883377969264984,
      0.20412641763687134,
      0.17480137944221497,
      0.15199878811836243,
      0.14944390952587128,
      0.13966313004493713,
      0.13601964712142944,
      0.13528156280517578,
      0.13332921266555786,
      0.12587398290634155,
      0.12202798575162888,
      0.12042247503995895,
      0.11237340420484543,
      0.11033857613801956,
      0.10665107518434525,
      0.10548766702413559,
      0.10204967111349106,
      0.09901999682188034,
      0.09795030206441879,
      0.09576769173145294,
      0.09422449767589569,
      0.0933629646897316,
      0.09162617474794388,
      0.0884733721613884,
      0.08728091418743134,
      0.08643964678049088,
      0.08575964719057083,
      0.08369114995002747,
      0.08339958637952805,
      0.08060657978057861,
      0.08035286515951157,
      0.07887297123670578,
      0.07801772654056549,
      0.07690051198005676,
      0.07615447789430618,
      0.0757925733923912,
      0.07405908405780792,
      0.07333947718143463,
      0.07254348695278168,
      0.07214023172855377,
      0.07126692682504654,
      0.07066861540079117,
      0.07046573609113693,
      0.06971980631351471,
      0.06931314617395401,
      0.06843763589859009,
      0.06801072508096695,
      0.06721241772174835,
      0.06672564893960953,
      0.0665220320224762,
      0.0658334419131279,
      0.06565806269645691,
      0.06516404449939728,
      0.06412103772163391,
      0.0636659786105156,
      0.06331261247396469,
      0.0627887099981308,
      0.0626438707113266,
      0.06247953698039055,
      0.061674728989601135,
      0.06145326420664787,
      0.06043006852269173,
      0.060298625379800797,
      0.060111768543720245,
      0.05988263338804245,
      0.05974944308400154,
      0.058883655816316605,
      0.05841913819313049,
      0.05823585018515587,
      0.057774871587753296,
      0.05766204372048378,
      0.05720256268978119,
      0.05651266127824783,
      0.056494057178497314,
      0.056312572211027145,
      0.05609078332781792,
      0.0558149553835392,
      0.05576933175325394,
      0.05524866655468941,
      0.05516316369175911,
      0.05482589453458786,
      0.05445002764463425,
      0.0543646477162838,
      0.05415981262922287,
      0.05412275344133377,
      0.05370785668492317,
      0.053329478949308395,
      0.05288529396057129,
      0.05269654095172882,
      0.05253433808684349,
      0.05248785391449928,
      0.05191826820373535,
      0.05178852751851082,
      0.05150795355439186,
      0.05124981701374054,
      0.05116584524512291,
      0.0507919006049633,
      0.05044703930616379,
      0.05038120597600937,
      0.050091516226530075,
      0.04978077858686447,
      0.04941883683204651,
      0.04937709495425224,
      0.049193814396858215,
      0.04910089820623398,
      0.0486769936978817,
      0.04848086088895798,
      0.0484149232506752,
      0.04808730259537697,
      0.04793810844421387,
      0.04756326228380203,
      0.04747949168086052,
      0.04736708104610443,
      0.04725907742977142,
      0.0468582846224308,
      0.04655833542346954,
      0.04646957293152809,
      0.04620649665594101,
      0.046115580946207047,
      0.045972563326358795,
      0.045905742794275284,
      0.04566640406847,
      0.0455859936773777,
      0.04528990760445595,
      0.045125316828489304,
      0.04501233622431755,
      0.04488896578550339
    ],
    "min": 0.04488896578550339,
    "max": 1.0,
    "mean": 0.08285722881555557,
    "std": 0.09339883923530579,
    "n": 130
  }
}