{"bpr_loss":0.0833222538294125,"recall@20":0.1516556292772293,"ndcg@5":0.03427623584866524,"ndcg@10":0.0460149385035038,"recall@5":0.05612582713365555,"ncdg":0.0607449933886528,"precision@20":0.007582781370729208,"recall@10":0.09288079291582108,"_runtime":1427.173081,"hr@20":0.15165562913907285,"precision@10":0.009288080036640167,"_timestamp":1.76402458953135e+09,"ndcg@20":0.0607449933886528,"precision@5":0.01122516579926014,"hr@10":0.09288079470198675,"_wandb":{"runtime":1427},"hr@5":0.05612582781456953,"_step":298}