{
  "ndcg": 0.15908651294346277,
  "recall": 0.1889636425205607,
  "split": "val"
}