{
  "best_epoch": 1,
  "baseline_ndcg": 0.1555158375012502,
  "final_ndcg": 0.15575553799828395,
  "ndcg_improvement_pct": 0.1541325313775932,
  "baseline_recall": 0.1896129455241239,
  "final_recall": 0.18983745017126782,
  "n_snapshots": 12
}