{
  "ndcg": 0.22911481279561355,
  "recall": 0.3185476705201631,
  "split": "val"
}