{
  "ndcg": 0.3294954105344433,
  "recall": 0.2706829967597851,
  "split": "val"
}