{
  "ndcg": 0.4347940136877614,
  "recall": 0.3546358268090277,
  "split": "test"
}