{
  "user_eigenvals": {
    "values": [
      1.0,
      0.42534294724464417,
      0.2557026743888855,
      0.22883377969264984,
      0.20412641763687134,
      0.17480137944221497,
      0.15199878811836243,
      0.14944390952587128,
      0.13966313004493713,
      0.13601964712142944,
      0.13528156280517578,
      0.13332921266555786,
      0.12587398290634155,
      0.12202798575162888,
      0.12042247503995895,
      0.11237340420484543,
      0.11033857613801956,
      0.10665107518434525,
      0.10548766702413559,
      0.10204967111349106,
      0.09901999682188034,
      0.09795030206441879,
      0.09576769173145294,
      0.09422449767589569,
      0.0933629646897316,
      0.09162617474794388,
      0.0884733721613884,
      0.08728091418743134,
      0.08643964678049088,
      0.08575964719057083
    ],
    "min": 0.08575964719057083,
    "max": 1.0,
    "mean": 0.1653224527835846,
    "std": 0.16914032399654388,
    "n": 30
  },
  "item_eigenvals": {
    "values": [
      1.0,
      0.42534294724464417,
      0.2557026743888855,
      0.22883377969264984,
      0.20412641763687134,
      0.17480137944221497,
      0.15199878811836243,
      0.14944390952587128,
      0.13966313004493713,
      0.13601964712142944,
      0.13528156280517578,
      0.13332921266555786,
      0.12587398290634155,
      0.12202798575162888,
      0.12042247503995895,
      0.11237340420484543,
      0.11033857613801956,
      0.10665107518434525,
      0.10548766702413559,
      0.10204967111349106
    ],
    "min": 0.10204967111349106,
    "max": 1.0,
    "mean": 0.20198842883110046,
    "std": 0.19715213775634766,
    "n": 20
  }
}