{"hr@20":0.15993377483443708,"hr@5":0.05596026490066225,"ndcg@5":0.03477438539266586,"precision@20":0.007996689528226852,"recall@5":0.055960264056921005,"bpr_loss":0.09137832931407686,"_wandb":{"runtime":2171},"ndcg@10":0.048082396388053894,"ncdg":0.06371604651212692,"hr@10":0.09735099337748344,"ndcg@20":0.06371604651212692,"_timestamp":1.76401932480436e+09,"precision@10":0.009735099971294403,"recall@20":0.15993377566337585,"recall@10":0.09735099226236343,"_step":298,"_runtime":2171.498512,"precision@5":0.011192052625119686}