{
  "best_epoch": 900,
  "baseline_ndcg": 0.45135305200649684,
  "final_ndcg": 0.45793792156836577,
  "ndcg_improvement_pct": 1.458917699259099,
  "baseline_recall": 0.36697397328339176,
  "final_recall": 0.37043294909826163,
  "n_snapshots": 202
}