{
  "ndcg": 0.46201639908739095,
  "recall": 0.37430592531952556,
  "split": "test"
}