{
  "user_eigenvals": {
    "values": [
      34.85744857788086,
      9.333235740661621,
      6.377669334411621,
      5.140621662139893,
      3.6866278648376465,
      3.271326780319214,
      2.761939287185669,
      2.5113704204559326,
      2.3094675540924072,
      2.2639830112457275,
      2.165248394012451,
      2.0333173274993896,
      2.0059244632720947,
      1.8809056282043457,
      1.8363606929779053,
      1.795874834060669,
      1.7235636711120605,
      1.6434839963912964,
      1.5991994142532349,
      1.55077064037323
    ],
    "min": 1.55077064037323,
    "max": 34.85744857788086,
    "mean": 4.537416934967041,
    "std": 7.2103800773620605,
    "n": 20
  },
  "item_eigenvals": {
    "values": [
      34.85744857788086,
      9.333235740661621,
      6.377669334411621,
      5.140621662139893,
      3.6866278648376465,
      3.271326780319214,
      2.761939287185669,
      2.5113704204559326,
      2.3094675540924072,
      2.2639830112457275,
      2.165248394012451,
      2.0333173274993896,
      2.0059244632720947,
      1.8809056282043457,
      1.8363606929779053,
      1.795874834060669,
      1.7235636711120605,
      1.6434839963912964,
      1.5991994142532349,
      1.55077064037323,
      1.5176060199737549,
      1.5036933422088623,
      1.47848641872406,
      1.4529669284820557,
      1.443638801574707,
      1.4288679361343384,
      1.4168033599853516,
      1.402618408203125,
      1.3956503868103027,
      1.3697881698608398,
      1.3622714281082153,
      1.3524056673049927,
      1.3343274593353271,
      1.324051022529602,
      1.3170220851898193,
      1.309149980545044,
      1.290401816368103,
      1.2781859636306763,
      1.2735542058944702,
      1.2648932933807373,
      1.2543214559555054,
      1.2464157342910767,
      1.232599139213562,
      1.2307685613632202,
      1.2218149900436401,
      1.2103577852249146,
      1.202485203742981,
      1.200886845588684,
      1.1935737133026123,
      1.1793546676635742
    ],
    "min": 1.1793546676635742,
    "max": 34.85744857788086,
    "mean": 2.608745813369751,
    "std": 4.825085639953613,
    "n": 50
  }
}