{
  "ndcg": 0.23492871933963216,
  "recall": 0.3292910684930567,
  "split": "val"
}